{"cameraMode":{"drawMode":0,"name":"Shaded","section":"Shading Mode"},"sceneLighting":false,"audioPlay":false,"sceneViewState":{"showFog":true,"showMaterialUpdate":false,"showSkybox":false,"showFlares":true,"showImageEffects":true,"showParticleSystems":true},"in2DMode":false,"pivot":{"x":-0.08586280792951584,"y":0.6091289520263672,"z":0.2625247836112976},"rotation":{"x":0.21330749988555909,"y":0.09508069604635239,"z":-0.02088143490254879,"w":0.9721380472183228},"size":3.2128005027770998,"orthographic":false}