{"cameraMode":{"drawMode":0,"name":"Shaded","section":"Shading Mode"},"sceneLighting":true,"audioPlay":false,"sceneViewState":{"showFog":true,"showMaterialUpdate":false,"showSkybox":true,"showFlares":true,"showImageEffects":true,"showParticleSystems":true},"in2DMode":false,"pivot":{"x":9.160883903503418,"y":1.4797054529190064,"z":4.2679338455200199},"rotation":{"x":0.07324671000242233,"y":-0.5219504237174988,"z":-0.04505820944905281,"w":-0.8486396074295044},"size":1.5832955837249756,"orthographic":false}