{"cameraMode":{"drawMode":0,"name":"Shaded","section":"Shading Mode"},"sceneLighting":false,"audioPlay":false,"sceneViewState":{"showFog":true,"showMaterialUpdate":false,"showSkybox":false,"showFlares":true,"showImageEffects":true,"showParticleSystems":true},"in2DMode":false,"pivot":{"x":1.2041962146759034,"y":0.8223243355751038,"z":-1.5998389720916749},"rotation":{"x":-0.029622798785567285,"y":0.7314064502716065,"z":0.031836286187171939,"w":0.6805540919303894},"size":0.8281359076499939,"orthographic":false}