{"cameraMode":{"drawMode":0,"name":"Shaded","section":"Shading Mode"},"sceneLighting":true,"audioPlay":false,"sceneViewState":{"showFog":true,"showMaterialUpdate":false,"showSkybox":true,"showFlares":true,"showImageEffects":true,"showParticleSystems":true},"in2DMode":false,"pivot":{"x":-0.3275725841522217,"y":2.9259181022644045,"z":0.20188689231872559},"rotation":{"x":-0.01867891103029251,"y":0.9802996516227722,"z":-0.15961121022701264,"w":-0.11493295431137085},"size":0.11476856470108032,"orthographic":false}