{"cameraMode":{"drawMode":0,"name":"Shaded","section":"Shading Mode"},"sceneLighting":false,"audioPlay":false,"sceneViewState":{"showFog":true,"showMaterialUpdate":false,"showSkybox":false,"showFlares":true,"showImageEffects":true,"showParticleSystems":true},"in2DMode":false,"pivot":{"x":0.07023260742425919,"y":1.202568531036377,"z":0.7135751247406006},"rotation":{"x":0.008959724567830563,"y":-0.09435589611530304,"z":0.0008492207853123546,"w":0.9954982399940491},"size":5.546302795410156,"orthographic":false}