{"cameraMode":{"drawMode":0,"name":"Shaded","section":"Shading Mode"},"sceneLighting":false,"audioPlay":false,"sceneViewState":{"showFog":true,"showMaterialUpdate":false,"showSkybox":false,"showFlares":true,"showImageEffects":true,"showParticleSystems":true},"in2DMode":false,"pivot":{"x":500.6990051269531,"y":365.38519287109377,"z":35.566410064697269},"rotation":{"x":0.07865210622549057,"y":0.13801468908786775,"z":-0.01099363248795271,"w":0.9872453808784485},"size":131.92759704589845,"orthographic":false}