{"cameraMode":{"drawMode":0,"name":"Shaded","section":"Shading Mode"},"sceneLighting":false,"audioPlay":false,"sceneViewState":{"showFog":true,"showMaterialUpdate":false,"showSkybox":false,"showFlares":true,"showImageEffects":true,"showParticleSystems":true},"in2DMode":false,"pivot":{"x":6.200000762939453,"y":-4.300000190734863,"z":-3.4000015258789064},"rotation":{"x":0.25024211406707766,"y":0.3200826346874237,"z":-0.08806735277175904,"w":0.9094924330711365},"size":233.34532165527345,"orthographic":false}