{"cameraMode":{"drawMode":0,"name":"Shaded","section":"Shading Mode"},"sceneLighting":true,"audioPlay":false,"sceneViewState":{"showFog":true,"showMaterialUpdate":false,"showSkybox":true,"showFlares":true,"showImageEffects":true,"showParticleSystems":true},"in2DMode":false,"pivot":{"x":-0.16399997472763062,"y":3.2739627361297609,"z":-0.7793575525283814},"rotation":{"x":-0.11719077080488205,"y":-0.08570640534162522,"z":0.010118239559233189,"w":-0.9893636107444763},"size":22.0,"orthographic":false}