{"cameraMode":{"drawMode":0,"name":"Shaded","section":"Shading Mode"},"sceneLighting":false,"audioPlay":false,"sceneViewState":{"showFog":true,"showMaterialUpdate":false,"showSkybox":false,"showFlares":true,"showImageEffects":true,"showParticleSystems":true},"in2DMode":false,"pivot":{"x":1.505816102027893,"y":0.8864201307296753,"z":-1.508578896522522},"rotation":{"x":-0.016940375789999963,"y":-0.9818282723426819,"z":0.10645157843828201,"w":-0.15623675286769868},"size":5.546302795410156,"orthographic":false}