{"cameraMode":{"drawMode":0,"name":"Shaded","section":"Shading Mode"},"sceneLighting":false,"audioPlay":false,"sceneViewState":{"showFog":true,"showMaterialUpdate":false,"showSkybox":false,"showFlares":true,"showImageEffects":true,"showParticleSystems":true},"in2DMode":false,"pivot":{"x":0.22535857558250428,"y":1.4632121324539185,"z":0.3747871518135071},"rotation":{"x":0.21330749988555909,"y":0.09508069604635239,"z":-0.02088143490254879,"w":0.9721380472183228},"size":0.43818220496177676,"orthographic":false}