{"cameraMode":{"drawMode":0,"name":"Shaded","section":"Shading Mode"},"sceneLighting":false,"audioPlay":false,"sceneViewState":{"showFog":true,"showMaterialUpdate":false,"showSkybox":false,"showFlares":true,"showImageEffects":true,"showParticleSystems":true},"in2DMode":false,"pivot":{"x":-0.0038999971002340318,"y":0.4000000059604645,"z":-0.005700007081031799},"rotation":{"x":0.00823145266622305,"y":0.8892055749893189,"z":0.01600678823888302,"w":-0.45716816186904909},"size":1.330061912536621,"orthographic":false}