{"cameraMode":{"drawMode":0,"name":"Shaded","section":"Shading Mode"},"sceneLighting":false,"audioPlay":false,"sceneViewState":{"showFog":true,"showMaterialUpdate":false,"showSkybox":false,"showFlares":true,"showImageEffects":true,"showParticleSystems":true},"in2DMode":false,"pivot":{"x":490.3345947265625,"y":348.7360534667969,"z":1.1626253128051758},"rotation":{"x":0.04498710110783577,"y":-0.0029746515210717918,"z":0.0004436012532096356,"w":0.9990839958190918},"size":785.1082153320313,"orthographic":false}