{"cameraMode":{"drawMode":0,"name":"Shaded","section":"Shading Mode"},"sceneLighting":true,"audioPlay":false,"sceneViewState":{"showFog":true,"showMaterialUpdate":false,"showSkybox":true,"showFlares":true,"showImageEffects":true,"showParticleSystems":true},"in2DMode":false,"pivot":{"x":-1.3334981203079224,"y":3.0197577476501467,"z":1.4300488233566285},"rotation":{"x":0.09882160276174545,"y":0.01880563609302044,"z":-0.0018669026903808117,"w":0.9949331283569336},"size":2.070545196533203,"orthographic":false}