{"cameraMode":{"drawMode":0,"name":"Shaded","section":"Shading Mode"},"sceneLighting":false,"audioPlay":false,"sceneViewState":{"showFog":true,"showMaterialUpdate":false,"showSkybox":false,"showFlares":true,"showImageEffects":true,"showParticleSystems":true},"in2DMode":false,"pivot":{"x":-0.0000011324882507324219,"y":0.9366816282272339,"z":-0.01053684949874878},"rotation":{"x":-0.10819488018751145,"y":-0.7470402121543884,"z":0.12554429471492768,"w":-0.6437999606132507},"size":4.6376447677612309,"orthographic":false}