{"cameraMode":{"drawMode":0,"name":"Shaded","section":"Shading Mode"},"sceneLighting":false,"audioPlay":false,"sceneViewState":{"showFog":true,"showMaterialUpdate":false,"showSkybox":false,"showFlares":true,"showImageEffects":true,"showParticleSystems":true},"in2DMode":false,"pivot":{"x":2.9802322387695315e-8,"y":1.4482531547546387,"z":0.10277203470468521},"rotation":{"x":-0.03334430605173111,"y":0.5671480894088745,"z":-0.02296886034309864,"w":-0.822640597820282},"size":1.5271013975143433,"orthographic":false}