{"cameraMode":{"drawMode":0,"name":"Shaded","section":"Shading Mode"},"sceneLighting":false,"audioPlay":false,"sceneViewState":{"showFog":true,"showMaterialUpdate":false,"showSkybox":false,"showFlares":true,"showImageEffects":true,"showParticleSystems":true},"in2DMode":false,"pivot":{"x":-0.7931652665138245,"y":3.322002410888672,"z":-4.648895263671875},"rotation":{"x":0.21330749988555909,"y":0.09508069604635239,"z":-0.02088143490254879,"w":0.9721380472183228},"size":18.296255111694337,"orthographic":false}