{"cameraMode":{"drawMode":0,"name":"Shaded","section":"Shading Mode"},"sceneLighting":false,"audioPlay":false,"sceneViewState":{"showFog":true,"showMaterialUpdate":false,"showSkybox":false,"showFlares":true,"showImageEffects":true,"showParticleSystems":true},"in2DMode":false,"pivot":{"x":485.39593505859377,"y":374.3393249511719,"z":-12.36271858215332},"rotation":{"x":0.10629550367593765,"y":0.008349849842488766,"z":-0.0008924981229938567,"w":0.9943023324012756},"size":35.00178527832031,"orthographic":false}