{"cameraMode":{"drawMode":0,"name":"Shaded","section":"Shading Mode"},"sceneLighting":false,"audioPlay":false,"sceneViewState":{"showFog":true,"showMaterialUpdate":false,"showSkybox":false,"showFlares":true,"showImageEffects":true,"showParticleSystems":true},"in2DMode":false,"pivot":{"x":0.0016872882843017579,"y":1.4477190971374512,"z":-0.03066796064376831},"rotation":{"x":-0.10819488018751145,"y":-0.7470402121543884,"z":0.12554429471492768,"w":-0.6437999606132507},"size":6.688773155212402,"orthographic":false}