{"cameraMode":{"drawMode":0,"name":"Shaded","section":"Shading Mode"},"sceneLighting":false,"audioPlay":false,"sceneViewState":{"showFog":true,"showMaterialUpdate":false,"showSkybox":false,"showFlares":true,"showImageEffects":true,"showParticleSystems":true},"in2DMode":false,"pivot":{"x":0.8309792280197144,"y":0.7522505521774292,"z":-1.5841552019119263},"rotation":{"x":-0.054772261530160907,"y":0.8478824496269226,"z":0.08935628086328507,"w":0.5197224020957947},"size":0.4984438121318817,"orthographic":false}